en_word,uk_word
the,з
and,і
for,для
that,що
this,це
with,з
you,ви
not,не
are,є
from,з
your,ваш
all,все
have,мати
new,новачок
more,більше
was,був
will,воля
home,домашній
can,банк
about,про
page,сторінка
has,мати
search,обшук
free,безкоштовний
but,але
our,наш
one,один
other,інший
information,інформація
time,час
they,Вони
site,ділянка
may,може
what,що
which,котрий
their,їх
news,новини
out,поза
use,використання
any,будь -який
there,там
see,побачити
only,єдиний
his,його
when,коли
contact,контакт
here,ось
business,бізнес
who,ВООЗ
web,павутина
also,також
now,тепер
help,допомога
get,отримати
view,переглянути
online,в Інтернеті
first,перший
been,був
would,б
how,як
were,були
services,послуги
some,дещо
these,ці
click,клацати
its,його
like,люблю
service,послуга
than,ніж
find,знаходити
price,ціна
date,дата
back,спинка
top,топ
people,Люди
had,мав
list,список
name,назва
just,просто
over,над
state,держави
year,рік
day,день
into,у
email,електронна пошта
two,два
health,здоров'я
world,світ
next,наступний
used,використаний
work,працювати
last,останній
most,найбільше
products,продукція
music,музика
buy,купувати
data,дані
make,робити
them,їх
should,слід
product,продукт
system,система
post,допис
her,її
city,місто
add,додавання
policy,політика
number,число
such,такий
please,будь ласка
available,доступний
copyright,авторські права
support,підтримка
message,повідомлення
after,після
best,найкраще
software,програмне забезпечення
then,потім
jan,ян
good,добрий
video,відео
well,Ну
where,де
info,інформація
rights,права
public,громадський
books,книги
high,високий
school,школа
through,через
each,кожен
links,посилання
she,вона
review,огляд
years,роки
order,наказ
very,дуже
privacy,приватність
book,книга
items,предмети
company,компанія
read,читати
group,група
sex,секс
need,потреба
many,багато
user,користувач
said,сказаний
does,подавати
set,встановити
under,під
general,загальний
research,дослідження
university,університет
january,січень
mail,пошта
full,наповнений
map,карта
reviews,огляди
program,програма
life,життя
know,знати
games,ігор
way,шлях
days,дні
management,управління
part,розлучатися
could,міг
great,великий
united,об'єднаний
hotel,готель
real,реальний
item,предмет
international,міжнародний
center,центр
ebay,ebay
must,Потрібно
store,магазин
travel,подорожувати
comments,коментарі
made,зроблений
development,розвиток
report,доповідь
off,не вистачати
member,член
details,деталі
line,лінія
terms,умови
before,до
hotels,готелі
did,зробив
send,надсилати
right,право
type,тип
because,оскільки
local,місцевий
those,ті
using,використання
results,результат
office,офіс
education,освіта
national,національний
car,машина
design,дизайн
take,брати
posted,опублікований
internet,Інтернет
address,адреса
community,спільнота
within,у межах
states,держави
area,область
want,бажати
phone,телефон
dvd,DVD
shipping,Доставка
reserved,зарезервований
subject,предмет
between,між
forum,форум
family,сім'я
long,довго
based,заснований
code,кодування
show,показувати
even,навіть
black,чорний
check,перевіряти
special,спеціальний
prices,ціни
website,веб -сайт
index,індекс
being,буття
women,жінки
much,багато
sign,підписувати
file,файл
link,зв'язок
open,ВІДЧИНЕНО
today,сьогодні
technology,технологія
south,південь
case,випадок
project,демонструвати
same,однаковий
pages,сторінки
version,версія
section,розділ
own,власний
found,знайдений
sports,спорт
house,будинок
related,пов'язаний
security,безпека
both,обидва
county,графство
american,американський
photo,фото
game,грі
members,члени
power,влада
while,в той час
care,турбота
network,мережа
down,вниз
computer,комп'ютер
systems,системи
three,три
total,загальний
place,місце
end,кінець
following,наступний
download,завантажувати
him,його
without,без
per,за
access,доступ
think,думати
north,північ
resources,ресурси
current,поточний
posts,дописи
big,великий
media,ЗМІ
law,закон
control,КОНТРОЛЬ
water,вода
history,історія
pictures,картинки
size,розмір
art,мистецтво
personal,особистий
since,з тих пір
including,включаючи
guide,керівництво
shop,магазин
directory,довідник
board,дошка
location,Місцезнаходження
change,зміна
white,білий
text,текст
small,невеликий
rating,рейтинг
rate,оцінювати
government,уряд
children,дітям
during,протягом
usa,США
return,повернення
students,студенти
shopping,покупки
account,рахунок
times,час
sites,майданчик
level,рівень
digital,цифровий
profile,профіл
previous,Попередній
form,форма
events,події
love,любов
old,старий
john,Іван
main,головний
call,закликати
hours,годинник
image,зображення
department,департамент
title,титул
description,опис
non,нерозумний
insurance,страхування
another,інший
why,чому
shall,має
property,майно
class,клас
still,нерухомий
money,гроші
quality,якість
every,кожен
listing,список
content,зміст
country,країна
private,приватний
little,мало
visit,відвідувати
save,заощадити
tools,інструменти
low,низький
reply,відповідати
customer,замовник
december,Грудень
compare,порівнювати
movies,фільми
include,включати
college,коледж
value,цінність
article,стаття
york,Йорк
man,людина
card,карта
jobs,робота
provide,надати
food,їжа
source,джерело
author,автор
different,інший
press,пресувати
learn,навчитися
sale,розпродаж
around,навколо
print,друкувати
course,курс
job,робота
canada,Канада
process,обробка
teen,підліток
room,кімната
stock,запас
training,навчання
too,теж
credit,кредит
point,точка
join,з'єднувати
science,наука
men,чоловіки
categories,категорії
advanced,просунутий
west,захід
sales,продаж
look,виглядати
english,англійська мова
left,лівий
team,команда
estate,садиба
box,коробка
conditions,умови
select,обраний
windows,вікна
photos,Фотографії
gay,гей
thread,нитка
week,тиждень
category,категорія
note,Примітка
live,жити
large,великий
gallery,галерея
table,стіл
register,реєстрація
however,однак
june,червень
october,жовтень
november,Листопад
market,ринок
library,бібліотека
really,дійсно
action,дія
start,почати
series,серія
model,модель
features,особливості
air,повітря
industry,промисловість
plan,планувати
human,людський
provided,забезпечений
yes,так
required,вимагається
second,другий
hot,гарячий
accessories,аксесуари
cost,вартість
movie,фільм
forums,форуми
march,марш
september,Вересень
better,краще
say,казати
questions,питання
july,липень
yahoo,Yahoo
going,йдуть
medical,медичний
test,тест
friend,друг
come,прийти
dec,ухвала
server,сервер
study,вивчення
application,застосування
cart,візок
staff,персонал
articles,стаття
san,сан
feedback,зворотний зв'язок
again,знову
play,грати
looking,на вигляд
issues,питання
april,квітень
never,ніколи
users,користувачі
complete,повне
street,вулиця
topic,тема
comment,коментувати
financial,фінансовий
things,речі
working,робочий
against,проти
standard,стандартний
tax,податковий
person,людина
below,внизу
mobile,мобільний
less,менше
got,здобули
blog,блог
party,вечірка
payment,оплата
equipment,обладнання
login,вхід
student,студент
let,дозволяти
programs,програми
offers,пропозиція
legal,юридичний
above,нагорі
recent,недавній
park,парк
stores,магазини
side,бік
act,діяти
problem,проблема
red,червоний
give,давати
memory,пам'ять
performance,виконання
social,соціальний
august,серпень
quote,цитата
language,мова
story,розповідь
sell,продавати
options,варіанти
experience,досвід
rates,тарифи
create,створити
key,ключ
body,тіло
young,молодий
america,Америка
important,важливий
field,поле
few,небагато
east,схід
paper,паперовий
single,поодинокий
age,вік
activities,діяльності
club,клуб
example,приклад
girls,дівчата
additional,додатковий
password,пароль
latest,останній
something,щось
road,дорога
gift,подарунок
question,питання
changes,зміна
night,нічний
hard,важкий
texas,Техас
oct,жовт
pay,оплачувати
four,чотири
poker,покер
status,статус
browse,переглядати
issue,проблема
range,діапазон
building,будівля
seller,продавець
court,суд
february,лютий
always,завжди
result,результат
audio,аудіо
light,світлий
write,писати
war,війна
nov,листопада
offer,пропозиція
blue,блакитний
groups,група
easy,легкий
given,даний
files,файли
event,подія
release,звільнення
analysis,аналіз
request,прохання
fax,факс
china,Китай
making,створення
picture,картина
needs,потреби
possible,можливий
might,могло
professional,професіонал
yet,ще
month,місяць
major,головний
star,зірка
areas,області
future,майбутнє
space,простір
committee,комітет
hand,рука
sun,сонце
cards,картки
problems,проблеми
london,Лондон
washington,Вашингтон
meeting,зустріч
rss,RSS
become,стати
interest,інтерес
child,дитина
keep,тримати
enter,ввести
california,Каліфорнія
porn,порно
share,розподіляти
similar,схожий
garden,сад
schools,школи
million,мільйон
added,доданий
reference,довідка
companies,компанії
listed,перелічений
baby,дитячий
learning,навчання
energy,енергія
run,пробігати
delivery,доставка
net,сітка
popular,популярний
term,термін
film,плівка
stories,розповіді
put,поставити
computers,комп'ютери
journal,журнал
reports,звіти
try,намагатися
welcome,вітати
central,центральний
images,зображення
president,президент
notice,ув'язнення
god,бог
original,оригінальний
head,голова
radio,радіо
until,до
cell,клітина
color,забарвлення
self,я
council,рада
away,геть
includes,включає
track,трек
australia,Австралія
discussion,обговорення
archive,архів
once,раз
others,інші
entertainment,розвага
agreement,Угода
format,формат
least,найменший
society,суспільство
months,місяці
log,журнал
safety,безпека
friends,друзі
sure,упевнений
faq,поширення
trade,торгувати
edition,видання
cars,машина
messages,повідомлення
marketing,маркетинг
tell,розповідати
further,подальший
updated,оновлений
association,асоціація
able,здатний
having,що має
provides,забезпечувати
david,давид
fun,веселий
already,вже
green,зелений
studies,вивчення
close,закривати
common,загальний
drive,драйв
specific,конкретний
several,кілька
gold,золото
feb,лютий
living,живий
sep,сеп
collection,колекція
called,названий
short,короткий
arts,мистецтво
lot,лот
ask,запитувати
display,показувати
limited,обмежений
powered,живистий
solutions,рішення
means,засоби
director,директор
daily,щоденний
beach,Пляжний
past,минулий
natural,природний
whether,чи
due,належить
electronics,електроніка
five,п'ять
upon,на
period,період
planning,планування
database,база даних
says,говорить
official,офіційний
weather,вигадка
mar,марнотратство
land,земля
average,середній
done,зроблений
technical,технічний
window,вікно
france,Франція
pro,професіонал
region,область
island,острів
record,запис
direct,прямий
microsoft,Microsoft
conference,конференція
environment,навколишнє середовище
records,записи
district,район
calendar,календар
costs,витрати
style,стиль
url,URL
front,фронт
statement,заява
update,оновлення
parts,частини
aug,серп
ever,колись
downloads,завантаження
early,ранній
miles,милі
sound,звук
resource,ресурс
present,нинішній
applications,заявки
either,обидва
ago,тому
document,документ
word,слово
works,твори
material,матеріал
bill,законопроект
apr,квітня
written,написаний
talk,розмова
federal,федеральний
hosting,хостинг
rules,правила
final,остаточний
adult,дорослий
tickets,квитки
thing,річ
centre,центр
requirements,вимоги
via,через
cheap,дешевий
nude,оголений
kids,дітям
finance,фінансування
true,правдивий
minutes,хвилини
else,ще
mark,позначати
third,третій
rock,скеля
gifts,подарунки
europe,Європа
reading,читання
topics,теми
bad,поганий
individual,індивідуальний
tips,підказки
plus,плюс
auto,автоматичний
cover,покривати
usually,зазвичай
edit,редагувати
together,разом
videos,відеоролики
percent,відсоток
fast,швидкий
function,функціонування
fact,факт
unit,одиниця
getting,дістатися
global,глобальний
tech,техніка
meet,зустрічатися
far,далеко
economic,економічний
player,гравець
projects,проекти
lyrics,тексти пісень
often,часто
subscribe,підписатися
submit,подавати
germany,Німеччина
amount,обсяг
watch,стежити
included,включений
feel,відчуття
though,хоч
bank,банкнота
risk,ризик
thanks,Дякую
everything,все
deals,угоди
various,різний
words,слів
linux,лінійка
jul,липень
production,виробництво
commercial,комерційний
james,Джеймс
weight,вага
town,місто
heart,серце
advertising,реклама
received,отриманий
choose,вибирати
treatment,лікування
newsletter,бюлетень
archives,архіви
points,очки
knowledge,знання
magazine,журнал
error,помилка
camera,камера
jun,червень
girl,дівчинка
currently,в даний час
construction,будівництво
toys,іграшки
registered,зареєстрований
clear,чіткий
golf,гольф
receive,отримувати
domain,домен
methods,методи
chapter,глава
makes,робити
protection,захист
policies,політика
loan,позика
wide,широкий
beauty,краса
manager,керівник
india,Індія
position,позиція
taken,взято
sort,сортувати
listings,списки
models,моделі
michael,Майкл
known,відомий
half,половина
cases,випадки
step,крок
engineering,інженерний
florida,Флорида
simple,простий
quick,швидкий
none,ні
wireless,бездротовий
license,ліцензія
paul,Павло
friday,п’ятниця
lake,озеро
whole,цілий
annual,щорічний
published,опублікований
later,пізніше
basic,основний
sony,соні
shows,шоу
corporate,корпоративний
google,Google
church,церква
method,метод
purchase,закупівля
customers,клієнти
active,активний
response,реакція
practice,практикувати
hardware,обладнання
figure,фігура
materials,матеріали
fire,вогонь
holiday,свято
chat,чат
enough,достатньо
designed,розроблений
along,на
among,серед
death,смерть
writing,писання
speed,швидкість
html,HTML
countries,країни
loss,втрата
face,обличчя
brand,бренд
discount,знижка
higher,вищий
effects,ефект
created,створений
remember,запам'ятати
standards,стандарти
oil,нафта
bit,вдарити
yellow,жовтий
political,політичний
increase,збільшити
advertise,рекламувати
kingdom,царство
base,базовий
near,близько
environmental,екологічний
thought,думка
stuff,нагода
french,французький
storage,зберігання
japan,Японія
doing,робити
loans,позики
shoes,взуття
entry,вхід
stay,залишатися
nature,природа
orders,замовлення
availability,наявність
africa,Африка
summary,резюме
turn,обертати
mean,середній
growth,зростання
notes,нотатки
agency,агентство
king,король
monday,понеділок
european,європейський
activity,діяльність
copy,копіювати
although,хоч
drug,ліки
pics,фото
western,західний
income,дохід
force,примушувати
cash,готівка
employment,працевлаштування
overall,загальний
bay,затока
river,річка
commission,комісія
package,пакет
contents,вміст
seen,побачений
players,гравці
engine,двигун
port,порт
album,альбом
regional,регіональний
stop,СТІЙ
supplies,запас
started,розпочато
administration,адміністрація
bar,бар
institute,інститут
views,погляди
plans,плани
double,подвійний
dog,пес
build,побудувати
screen,екран
exchange,обмін
types,типи
soon,скоро
sponsored,спонсорований
lines,лінії
electronic,електронний
continue,продовжувати
across,поперек
benefits,вигоди
needed,необхідний
season,сезон
apply,застосовувати
someone,хтось
held,утримується
anything,що -небудь
printer,принтер
condition,хвороба
effective,ефективний
believe,вірити
organization,організація
effect,ефект
asked,запитував
eur,Євро
mind,розум
sunday,неділя
selection,відбір
casino,казино
pdf,PDF
lost,загублений
tour,екскурсія
menu,меню
volume,обсяг
cross,перехрестя
anyone,будь -хто
mortgage,застава
hope,надія
silver,срібний
corporation,корпорація
wish,бажання
inside,всередині
solution,розчин
mature,дозрівати
role,роль
rather,скоріше
weeks,тиждень
addition,додавання
came,прийшов
supply,постачання
nothing,ніщо
certain,певний
usr,USR
executive,виконавчий
running,біг
lower,опускатися
necessary,необхідний
union,союз
jewelry,ювелірні вироби
according,згідно
clothing,одяг
mon,мн
com,com
particular,особливий
fine,штраф
names,імена
robert,Роберт
homepage,домашня сторінка
hour,година
gas,газовий
skills,навички
six,шість
bush,кущ
islands,острови
advice,порада
career,кар'єра
military,військовий
rental,оренда
decision,рішення
leave,залишати
british,британський
teens,підлітки
pre,попередній
huge,величезний
sat,сидіти
woman,жінка
facilities,споруди
zip,блискавка
bid,подавати заявки
kind,вид
sellers,продавці
middle,середина
move,рухатися
cable,кабель
opportunities,можливості
taking,прийом
values,значення
division,дивізіон
coming,прихід
tuesday,у вівторок
object,об'єкт
lesbian,лесбіянка
appropriate,відповідний
machine,машина
logo,логотип
length,довжина
actually,власне
nice,непоганий
score,оцінка
statistics,статистика
client,клієнт
returns,повернення
capital,капітал
follow,дотримуватися
sample,зразок
investment,інвестиції
sent,надісланий
shown,показаний
saturday,субота
christmas,різдвяний
england,Англія
culture,культура
band,гурт
flash,спалах
lead,вести
george,Джордж
choice,вибір
went,пішов
starting,старіння
registration,реєстрація
fri,пт
thursday,четвер
courses,курси
consumer,споживач
airport,аеропорт
foreign,іноземний
artist,художник
outside,зовнішній
furniture,меблі
levels,рівні
channel,канал
letter,літер
mode,режим
phones,телефони
ideas,ідеї
wednesday,середа
structure,структура
fund,фонд
summer,літо
allow,дозволяти
degree,ступінь
contract,договір
button,кнопка
releases,випуск
wed,одружуватися
homes,будинки
super,супер
male,чоловічий
matter,речовина
custom,звичайний
virginia,Вірджинія
almost,майже
took,взяв
located,розташований
multiple,багаторазовий
asian,азіатський
distribution,розподіл
editor,редактор
inn,готель
industrial,промисловий
cause,спричинити
potential,потенціал
song,пісня
cnet,CNET
ltd,ТОВ
los,лос
focus,фокус
late,пізній
fall,падіння
featured,популярний
idea,ідея
rooms,кімнати
female,жіночий
responsible,відповідальний
inc,в т.ч.
communications,комунікація
win,перемогти
associated,пов'язаний
thomas,Томас
primary,первинний
cancer,рак
numbers,чисельність
reason,розум
tool,інструмент
browser,браузер
spring,весна
foundation,фундамент
answer,відповідати
voice,голос
friendly,дружній
schedule,розклад
documents,документи
communication,спілкування
purpose,мета
feature,означати
bed,ліжко
comes,приходить
police,поліція
everyone,всі
independent,незалежний
approach,підходити
cameras,камери
brown,коричневий
physical,фізичний
operating,експлуатаційний
hill,пагорб
maps,Карти
medicine,ліки
deal,угода
hold,утримувати
ratings,рейтинг
chicago,Чикаго
forms,форми
glass,скляний
happy,щасливий
tue,зміст
smith,Сміт
wanted,розшуканий
developed,розвинений
thank,спасибі
safe,безпечний
unique,унікальний
survey,обстеження
prior,попередній
telephone,телефон
sport,спортивний
ready,готовий
feed,годувати
animal,тварина
sources,джерела
mexico,Мексика
population,населення
regular,регулярний
secure,забезпечити
navigation,навігація
operations,операції
therefore,отже
ass,дупа
simply,просто
evidence,доказ
station,станція
christian,християнин
round,круглий
paypal,paypal
favorite,улюблений
understand,зрозуміти
option,опція
master,майстер
valley,долина
recently,нещодавно
probably,ймовірно
thu,Чт
rentals,оренда
sea,море
built,побудований
publications,публікації
blood,кров
cut,вирізати
worldwide,світовий
improve,вдосконалення
connection,з'єднання
publisher,видавець
hall,зал
larger,більший
anti,антигранний
networks,мереж
earth,земля
parents,батьки
nokia,нокія
impact,вплив
transfer,перенесення
introduction,вступ
kitchen,кухня
strong,сильний
tel,тел
carolina,Кароліна
wedding,весілля
properties,властивості
hospital,лікарня
ground,земля
overview,огляд
ship,корабель
accommodation,розміщення
owners,власники
disease,захворювання
excellent,відмінний
paid,оплачений
italy,Італія
perfect,ідеальний
hair,волосся
opportunity,нагода
kit,комплект
classic,класичний
basis,основа
command,командування
cities,міста
william,Вільям
express,виражати
anal,анальний
award,нагорода
distance,відстань
tree,дерево
peter,петра
assessment,оцінка
ensure,забезпечити
thus,таким чином
wall,стіна
involved,задіяний
extra,додатковий
especially,особливо
interface,інтерфейс
pussy,кицька
partners,партнери
budget,бюджет
rated,оцінений
guides,екскурсовод
success,успіх
maximum,максимум
operation,операція
existing,існуючий
quite,досить
selected,обраний
boy,хлопчик
amazon,амазонка
patients,пацієнти
restaurants,ресторани
beautiful,гарний
warning,УВАГА
wine,вино
locations,локації
horse,коня
vote,голосувати
forward,вперед
flowers,квіти
stars,зірки
significant,значний
lists,списки
technologies,технології
owner,власник
retail,роздрібна торгівля
animals,тварини
useful,корисний
directly,безпосередньо
manufacturer,виробник
ways,шляхи
est,est
son,син
providing,надання
rule,правити
mac,Мак
housing,корпус
takes,приймати
iii,III
gmt,gmt
bring,приносити
catalog,каталог
searches,пошуки
max,максимум
trying,намагання
mother,мама
authority,влада
considered,розглянутий
told,розказаний
xml,XML
traffic,рух
programme,програма
joined,об'єднаний
input,введення
strategy,стратегія
feet,стоп
agent,агент
valid,дійсний
bin,смітник
modern,сучасний
senior,старший
ireland,Ірландія
sexy,сексуальний
teaching,викладання
door,дверима
grand,грандіозний
testing,тестування
trial,суд
charge,заряджати
units,одиниці
instead,натомість
canadian,канадський
cool,крутий
normal,нормальний
wrote,писав
enterprise,підприємство
ships,кораблі
entire,цілий
educational,навчальний
leading,провідний
metal,метал
positive,позитивний
fitness,придатність
chinese,китайський
opinion,думка
asia,Азія
football,футбол
abstract,абстрактний
uses,використання
output,випуск
funds,кошти
greater,більший
likely,ймовірно
develop,розвиватися
employees,працівники
artists,художники
alternative,альтернативний
processing,обробка
responsibility,відповідальність
resolution,роздільна здатність
java,ява
guest,гість
seems,здається
publication,публікація
pass,проходити
relations,відносини
trust,довіра
van,фургон
contains,містить
session,сеанс
multi,багаторазовий
photography,фотографія
republic,республіка
fees,збори
components,компоненти
vacation,відпустка
century,століття
academic,академічний
assistance,допомога
completed,завершений
skin,шкіра
graphics,графіка
indian,індійський
prev,попередньо
ads,оголошення
mary,Марії
expected,очікуваний
ring,каблучка
grade,сорт
dating,знайомство
pacific,тихоокеанський
mountain,гора
organizations,організації
pop,поколювати
filter,фільтрувати
mailing,розсилка
vehicle,транспортний засіб
longer,довше
consider,розглянути
int,інт
northern,північний
behind,ззаду
panel,панель
floor,підлога
german,німецький
buying,купівля
match,поєднувати
proposed,запропонований
default,за замовчуванням
require,вимагати
iraq,Ірак
boys,хлопці
outdoor,зовнішній
deep,глибокий
morning,ранковий
otherwise,інакше
allows,дозволити
rest,відпочинок
protein,білок
plant,Рослина
reported,повідомлений
hit,вдарити
transportation,перевезення
pool,басейн
mini,міні
politics,політика
partner,партнер
disclaimer,відмова
authors,автори
boards,дошки
faculty,факультет
parties,вечірки
fish,риба
membership,членство
mission,місія
eye,око
string,нитка
sense,відчуття
modified,модифікований
pack,упаковка
released,випущений
stage,сцена
internal,внутрішній
goods,товари
recommended,рекомендований
born,народжений
unless,якщо тільки не
richard,Річард
detailed,детальний
japanese,японський
race,гонка
approved,затверджений
background,фон
target,цільовий
except,за винятком
character,характер
usb,USB
maintenance,технічне обслуговування
ability,здатність
maybe,може бути
functions,функції
moving,що рухається
brands,бренди
places,місця
php,PHP
pretty,гарненький
trademarks,торгові марки
phentermine,фентермін
spain,Іспанія
southern,південний
yourself,сам
etc,тощо
winter,зима
rape,зґвалтування
battery,акумулятор
youth,молодь
pressure,тиск
submitted,поданий
boston,бостон
incest,інцест
debt,борг
keywords,Ключові слова
medium,середній
television,телевізор
interested,зацікавлений
core,ядро
break,перерва
purposes,цілі
throughout,протягом
sets,набори
dance,танцювати
wood,деревина
msn,MSN
itself,сам
defined,визначений
papers,папери
playing,гра
awards,нагороди
fee,гонорар
studio,студія
reader,читач
virtual,віртуальний
device,пристрій
established,встановлений
answers,відповіді
rent,оренда
las,ЛАС
remote,віддалений
dark,темний
programming,програмування
external,зовнішній
apple,яблук
regarding,стосовно
instructions,інструкції
min,хв
offered,запропонований
theory,теорія
enjoy,насолоджуватися
remove,видалити
aid,допомога
surface,поверхня
minimum,мінімум
visual,візуальний
host,господар
variety,різноманітність
teachers,вчителі
isbn,ISBN
martin,Мартін
manual,посібник
block,блок
subjects,суб'єкти
agents,агенти
increased,збільшений
repair,ремонт
fair,справедливий
civil,цивільний
steel,сталь
understanding,розуміння
songs,пісні
fixed,нерухомий
wrong,неправильний
beginning,початок
hands,руки
associates,співробітники
finally,нарешті
updates,оновлення
desktop,робочий стіл
classes,заняття
paris,Париж
ohio,Огайо
gets,дістатися
sector,сектор
capacity,потужність
requires,вимагає
jersey,трикотаж
fat,жир
fully,повністю
father,батько
electric,електричний
saw,бачив
instruments,інструменти
quotes,цитати
officer,офіцер
driver,водій
businesses,підприємства
dead,мертвий
respect,повага
unknown,невідомий
specified,вказаний
restaurant,ресторан
mike,Майк
trip,поїздка
pst,pst
worth,вартістю
procedures,процедури
poor,бідний
teacher,викладач
xxx,ххх
eyes,очі
relationship,відносини
workers,робітники
farm,господарство
fucking,блядь
georgia,Грузія
peace,мир
traditional,традиційний
campus,кампус
tom,том
showing,показ
creative,творчий
coast,узбережжя
benefit,вигода
progress,прогресувати
funding,фінансування
devices,пристрої
lord,лорд
grant,надавати
sub,суб
agree,погодитися
fiction,вигадка
hear,чути
sometimes,іноді
watches,годинник
careers,кар'єра
beyond,поза
goes,ходити
families,сім'ї
led,світлодіодний
museum,музей
themselves,себе
fan,фанат
transport,транспортувати
interesting,цікавий
blogs,Блоги
wife,дружина
evaluation,оцінка
accepted,прийнятий
former,колишній
implementation,реалізація
ten,десять
hits,хіт
zone,зона
complex,комплекс
cat,кіт
galleries,галереї
references,посилання
die,загинути
presented,представлений
jack,джейм
flat,рівномірний
flow,протікати
agencies,агентства
literature,література
respective,відповідний
parent,батько
spanish,іспанська мова
michigan,Мічиган
columbia,Колумбія
setting,встановлення
scale,масштаб
stand,стояти
economy,економія
highest,найвищий
helpful,корисний
monthly,щомісяця
critical,критичний
frame,рамка
musical,мюзикл
definition,визначення
secretary,секретар
angeles,Анджелес
networking,мереж
path,шлях
australian,австралійський
employee,працівник
chief,начальник
gives,віддавати
bottom,дно
magazines,журнали
packages,пакети
detail,деталь
francisco,Франциско
laws,закони
changed,змінювати
pet,домашня тварина
heard,почув
begin,починати
individuals,особи
colorado,Колорадо
royal,королівський
clean,чистий
switch,перемикач
russian,російський
largest,найбільший
african,африканський
guy,горіх
titles,титули
relevant,відповідний
guidelines,керівні принципи
justice,справедливість
connect,з'єднувати
bible,Біблія
dev,ов
cup,чашка
basket,кошик
applied,застосований
weekly,щотижня
vol,об'єднання
installation,встановлення
described,описаний
demand,вимога
suite,люкс
vegas,Вегас
square,Майдан
chris,Кріс
attention,увага
advance,просуватися
skip,пропустити
diet,дієта
army,армія
auction,аукціон
gear,спорядження
lee,лай
difference,різниця
allowed,дозволений
correct,виправляти
charles,Чарльз
nation,нація
selling,продаж
lots,багато
piece,шматок
sheet,аркуш
firm,фірма
seven,сім
older,старший
illinois,Іллінойс
regulations,правила
elements,елементи
species,види
jump,стрибати
cells,клітини
module,модуль
resort,прибуток
facility,об'єкт
random,випадковий
pricing,ціноутворення
dvds,DVD -диски
certificate,сертифікат
minister,міністр
motion,рух
looks,погляди
fashion,мода
directions,напрямки
visitors,відвідувачі
documentation,документація
monitor,моніторинг
trading,торгівля
forest,лісовий
calls,дзвінок
whose,чиї
coverage,покриття
couple,пара
giving,надання
chance,шанс
vision,бачення
ball,куля
ending,закінчення
clients,клієнти
actions,дії
listen,слухати
discuss,обговорювати
accept,приймати
automotive,автомобільний
naked,голий
goal,ціль
successful,успішний
sold,проданий
wind,вітер
communities,громади
clinical,клінічний
situation,ситуація
sciences,наук
markets,ринки
lowest,найнижчий
highly,високо
publishing,видавництво
appear,з’являтися
emergency,надзвичайний
developing,що розвивається
lives,життя
currency,валюта
leather,шкіряний
determine,визначати
milf,матуся
temperature,температура
palm,долонь
announcements,оголошення
patient,пацієнт
actual,фактичний
historical,історичний
stone,камінь
bob,бити
commerce,комерція
ringtones,мелодії мелодії
perhaps,можливо
persons,осіб
difficult,важкий
scientific,науковий
satellite,супутник
fit,підходити
tests,тест
village,село
accounts,рахунки
amateur,аматор
met,зустрінетний
pain,біль
xbox,xbox
particularly,особливо
factors,фактори
coffee,кава
www,www
settings,налаштування
cum,сперма
buyer,покупець
cultural,культурний
steve,Стів
easily,легко
oral,усний
ford,форт
poster,плакат
edge,обрізати
functional,функціональний
root,корінь
closed,ЗАЧИНЕНО
holidays,свята
ice,крижаний
pink,рожевий
zealand,Зеландія
balance,балансувати
monitoring,моніторинг
graduate,випускник
replies,відповіді
shot,постріл
architecture,архітектура
initial,початковий
label,етикетка
thinking,мислення
scott,Скотт
llc,ТОВ
sec,секція
recommend,рекомендувати
canon,канон
hardcore,хардкор
league,ліга
waste,витрачати
minute,хвилина
bus,автобус
provider,постачальник
optional,необов'язковий
dictionary,словник
cold,холодний
accounting,бухгалтерський облік
manufacturing,виробництво
sections,розділи
chair,крісло
fishing,риболовля
effort,зусилля
phase,фаза
fields,поля
bag,мішок
fantasy,фантазія
letters,букви
motor,двигун
professor,професор
context,контекст
install,встановити
shirt,сорочка
apparel,одяг
generally,загалом
continued,продовжений
foot,стоп
mass,маса
crime,злочин
count,рахувати
breast,грудка
techniques,техніка
ibm,IBM
johnson,Джонсон
quickly,швидко
dollars,долари
websites,Веб -сайти
religion,релігія
claim,претензія
driving,водіння
permission,дозвіл
surgery,хірургія
patch,петля
heat,спека
wild,дивний
measures,заходи
generation,покоління
kansas,Канзас
miss,міс
chemical,хімічний
doctor,лікар
task,завзяти
reduce,зменшувати
brought,приносять
himself,сам
nor,не
component,компонент
enable,ввімкнути
exercise,вправа
bug,помилка
santa,Санта
mid,середина
guarantee,гарантія
leader,лідер
diamond,алмаз
israel,Ізраїль
processes,процеси
soft,м'який
servers,сервери
alone,самотній
meetings,зустрічі
seconds,секунди
jones,Джонс
arizona,Арізона
keyword,ключове слово
interests,інтереси
flight,виліт
congress,конгрес
fuel,паливо
username,Ім'я користувача
walk,ходити
fuck,ебать
produced,вироблений
italian,італійський
paperback,М'яка обкладинка
classifieds,Класифіковані
wait,чекати
supported,підтриманий
pocket,кишеньковий
saint,святий
rose,троянда
freedom,свобода
argument,аргумент
competition,змагання
creating,створення
jim,джим
drugs,наркотики
joint,суглоб
premium,премія
providers,провайдери
fresh,свіжий
characters,персонажі
attorney,адвокат
upgrade,оновлення
factor,фактор
growing,зростаючий
thousands,тисячі
stream,потік
apartments,квартири
pick,вибирати
hearing,слухання
eastern,східний
auctions,аукціони
therapy,терапія
entries,записи
dates,дат
generated,породжений
signed,підписаний
upper,верхній
administrative,адміністративний
serious,серйозний
prime,простигати
samsung,samsung
limit,обмежувати
began,розпочався
louis,Луї
steps,кроки
errors,помилки
shops,магазини
bondage,неволі
del,дел
efforts,зусилля
informed,поінформований
thoughts,думка
creek,крик
worked,працював
quantity,кількість
urban,міський
practices,практика
sorted,відсортований
reporting,звітування
essential,суттєвий
myself,себе
tours,тури
platform,платформа
load,навантажувати
affiliate,філій
labor,праця
immediately,негайно
admin,адміністратор
nursing,годування
defense,захист
machines,машини
designated,призначений
tags,теги
heavy,важкий
covered,покритий
recovery,відновлення
joe,Джо
guys,хлопці
integrated,інтегрований
configuration,конфігурація
cock,півень
merchant,торговець
comprehensive,всебічний
expert,експерт
universal,універсальний
protect,захищати
drop,опускатися
solid,суцільний
cds,компакт -диски
presentation,презентація
languages,мови
became,стався
orange,оранжевий
compliance,дотримання
vehicles,транспортні засоби
prevent,запобігати
theme,тема
rich,багатий
campaign,кампанія
marine,морський
improvement,вдосконалення
guitar,гітара
finding,пошук
pennsylvania,Пенсильванія
examples,Приклади
ipod,iPod
saying,приказка
spirit,дух
claims,претензії
porno,порно
challenge,оскаржувати
motorola,моторола
acceptance,прийняття
strategies,стратегії
seem,здатися
affairs,справи
touch,торкатися
intended,призначений
towards,до
goals,цілі
hire,найняти
election,вибори
suggest,пропонувати
branch,гілка
charges,звинувачення
serve,подавати
affiliates,філії
reasons,причини
magic,магія
mount,кріплення
smart,розумний
talking,розмова
gave,дав
ones,одиничний
latin,латинський
multimedia,мультимедіа
tits,сиськи
avoid,уникати
certified,сертифікований
manage,керувати
corner,куточок
rank,ранг
computing,обчислення
oregon,орегон
element,елемент
birth,народження
virus,вірус
abuse,зловживання
interactive,інтерактивний
requests,запити
separate,відокремлювати
quarter,чверть
procedure,процедура
leadership,лідерство
tables,столи
define,визначати
racing,перегони
religious,релігійний
facts,факти
breakfast,сніданок
kong,конг
column,стовпчик
plants,рослини
faith,віра
chain,ланцюг
developer,розробник
identify,визначати
avenue,проспект
missing,безпалудний
died,загинув
approximately,приблизно
domestic,домашній
sitemap,мая
recommendations,Рекомендації
moved,зворушений
houston,Х'юстон
reach,дістатися
comparison,порівняння
mental,психічний
viewed,переглянутий
moment,миттєво
extended,розширений
sequence,послідовність
inch,дюйм
attack,напад
sorry,виражений
centers,центри
opening,відкриття
damage,пошкодження
lab,лабораторія
reserve,резервувати
recipes,рецепти
cvs,CVS
gamma,гамма
plastic,пластиковий
produce,виробляти
snow,сніг
placed,розміщений
truth,правда
counter,протистояти
failure,несправність
follows,випливати
weekend,вихідні
dollar,долар
camp,табір
ontario,Онтаріо
automatically,автоматично
des,де
minnesota,Міннесота
films,фільми
bridge,мост
native,рідний
fill,наповнювати
williams,Вільямс
movement,рух
printing,друк
baseball,бейсбол
owned,належить
approval,затвердження
draft,розтягувати
chart,графік
played,розіграний
contacts,контакти
jesus,Ісус
readers,читачі
clubs,клуби
lcd,РК
jackson,джексон
equal,рівний
adventure,пригода
matching,відповідний
offering,пропозиція
shirts,сорочки
profit,прибуток
leaders,лідери
posters,плакат
institutions,установи
assistant,помічник
variable,змінний
ave,проспект
advertisement,реклама
expect,розраховувати
parking,парковка
headlines,заголовки
yesterday,вчора
compared,порівняно
determined,рішучий
wholesale,оптовий
workshop,семінар
russia,Росія
gone,пропав
codes,коди
kinds,види
extension,подовження
seattle,Сіетл
statements,твердження
golden,золотий
completely,повністю
teams,команд
fort,форт
lighting,освітлення
senate,сенат
forces,сили
funny,смішний
brother,брат
gene,ген
turned,обернутий
portable,портативний
tried,випробуваний
electrical,електричний
applicable,застосований
disc,диск
returned,повернутий
pattern,схема
hentai,хентай
boat,човен
named,названий
theatre,театр
laser,лазер
earlier,раніше
manufacturers,виробники
sponsor,спонсор
classical,класичний
icon,ікона
warranty,гарантія
dedicated,відданий
indiana,Індіана
direction,напрямок
harry,Гаррі
basketball,баскетбол
objects,об'єкти
ends,кінці
delete,видаляти
evening,вечір
assembly,складання
nuclear,ядерний
taxes,податки
mouse,миша
signal,сигнал
criminal,злочинний
issued,виданий
brain,мозок
sexual,сексуальний
wisconsin,Вісконсін
powerful,потужний
dream,мріяти
obtained,отриманий
false,помилковий
cast,касто
flower,квітка
felt,фетх
personnel,персонал
passed,пропущений
supplied,постачається
identified,ідентифікований
falls,падіння
pic,рис
soul,душа
aids,СНІД
opinions,думки
promote,сприяти
stated,заявлений
stats,статистика
hawaii,Гаваї
professionals,професіоналів
appears,з'являється
carry,перенести
flag,прапор
decided,вирішив
covers,обкладинка
advantage,перевага
hello,привіт
designs,конструкції
maintain,підтримувати
tourism,туризм
priority,пріоритет
newsletters,бюлетень
adults,дорослі
clips,кліпи
savings,заощадження
graphic,графічний
atom,атом
payments,виплати
estimated,оцінений
binding,зв'язування
brief,короткий
ended,закінчений
winning,виграш
eight,вісім
anonymous,анонімний
iron,прасувати
straight,прямо
script,сценарій
served,поданий
wants,бажати
miscellaneous,різний
prepared,підготовлений
void,порожня
dining,їдальня
alert,насторожений
integration,інтеграція
atlanta,Атланта
dakota,дакота
tag,мітка
interview,співбесіда
mix,суміш
framework,рамка
disk,диск
installed,встановлений
queen,королева
vhs,VHS
credits,кредити
clearly,чітко
fix,виправити
handle,ручка
sweet,солодкий
desk,стіл
criteria,критерії
pubmed,PubMed
dave,дейв
massachusetts,Массачусетс
diego,Дієго
hong,гонг
vice,порок
associate,асоційований
truck,вантажівка
behavior,поведінка
enlarge,збільшувати
ray,промінь
frequently,часто
revenue,дохід
measure,вимірювати
changing,зміна
votes,голосування
duty,обов'язок
looked,дивився
discussions,дискусія
bear,несучий
gain,виграш
festival,фестиваль
laboratory,лабораторія
ocean,океан
flights,рейси
experts,експерти
signs,знаки
lack,бракувати
depth,глибина
iowa,Айова
whatever,що б не був
logged,реєстраційний
laptop,ноутбук
vintage,вінтажний
train,дресирувати
exactly,точно
dry,сухий
explore,досліджувати
maryland,Меріленд
spa,спа -центр
concept,концепція
nearly,майже
eligible,придатний
checkout,перевірити
reality,реальність
forgot,забутий
handling,обробка
origin,походження
knew,знав
gaming,ігор
feeds,корми
billion,мільярд
destination,призначення
scotland,Шотландія
faster,швидше
intelligence,інтелект
dallas,даллас
bought,куплений
con,консерватор
ups,підйом
nations,нації
route,маршрут
followed,слід
specifications,специфікація
broken,зламаний
tripadvisor,TripAdvisor
frank,відвертий
alaska,Аляска
zoom,масштаб
blow,удар
battle,битва
residential,житловий
anime,аніме
speak,говорити
decisions,рішення
industries,індустрія
protocol,протокол
query,запит
clip,кліп
partnership,партнерство
editorial,редакційний
expression,вираз
equity,справедливість
provisions,положення
speech,промова
wire,дріт
principles,принципи
suggestions,пропозиції
rural,сільський
shared,спільний
sounds,звуки
replacement,заміна
tape,стрічка
strategic,стратегічний
judge,судити
spam,спам
economics,економіка
acid,кислот
bytes,байт
cent,стояти
forced,вимушений
compatible,сумісний
fight,бити
apartment,квартира
height,висота
zero,нуль
speaker,оратор
filed,поданий
netherlands,Нідерланди
obtain,отримати
consulting,консалтинг
recreation,відпочинок
offices,офіси
designer,дизайнер
remain,залишатися
managed,зухвалий
failed,провалився
marriage,шлюб
roll,рулон
korea,Корея
banks,банки
participants,учасники
secret,таємний
bath,ванна
kelly,Келлі
leads,привід
negative,негативний
austin,Остін
favorites,фаворити
toronto,Торонто
theater,театр
springs,пружини
missouri,Міссурі
andrew,Ендрю
var,var
perform,виконувати
healthy,здоровий
translation,переклад
estimates,оцінка
font,шрифт
assets,активи
injury,травма
joseph,Йосиф
ministry,служіння
drivers,водії
lawyer,юрист
figures,фігури
married,одружений
protected,захищений
proposal,пропозиція
sharing,спільне використання
philadelphia,Філадельфія
portal,портал
waiting,очікування
birthday,день народження
beta,бета
fail,провалити
gratis,беззвучний
banking,банківський
officials,чиновники
brian,Брайан
toward,до
won,вигравати
slightly,злегка
assist,сприяти
conduct,проводити
contained,містився
lingerie,білизна
shemale,транссексуал
legislation,законодавство
calling,покликання
parameters,параметри
jazz,джаз
serving,подача
bags,сумка
profiles,профілі
miami,Майамі
comics,комікси
matters,питання
houses,будинки
doc,доктор
postal,поштовий
relationships,відносини
tennessee,Теннессі
wear,носити
controls,управління
breaking,розрив
combined,комбінований
ultimate,остаточний
wales,Уельс
representative,представник
frequency,частота
introduced,введений
minor,неповнолітній
finish,закінчувати
departments,департаменти
residents,мешканці
noted,зазначений
displayed,показаний
mom,мама
reduced,зменшений
physics,фізика
rare,рідкісний
spent,витрачений
performed,виконаний
extreme,екстремальний
samples,зразки
davis,девіс
daniel,Даніель
bars,брус
reviewed,переглянутий
row,рядок
forecast,прогноз
removed,видалений
helps,допомога
singles,сингло
administrator,адміністратор
cycle,цикл
amounts,сума
contain,містити
accuracy,точність
dual,подвійний
rise,підніматися
usd,долар
sleep,сплячий
bird,птах
pharmacy,АПТЕКА
brazil,Бразилія
creation,створення
static,статичний
scene,сцена
hunter,мисливець
addresses,адреси
lady,леді
crystal,кристал
famous,відомий
writer,письменник
chairman,голова
violence,насильство
fans,шанувальники
oklahoma,Оклахома
speakers,оратори
drink,пити
academy,академія
dynamic,динамічний
gender,Стать
eat,їсти
permanent,постійний
agriculture,сільське господарство
dell,заглиблювати
cleaning,прибирання
constitutes,складати
portfolio,портфоліо
practical,практичний
delivered,доставлений
collectibles,колекціонування
infrastructure,інфраструктура
exclusive,ексклюзивний
seat,місце
concerns,занепокоєння
colour,забарвлення
vendor,продавець
originally,спочатку
intel,інтель
utilities,утиліта
philosophy,філософія
regulation,регулювання
officers,офіцери
reduction,зменшення
aim,мета
bids,торги
referred,направлений
supports,підтримка
nutrition,харчування
recording,запис
regions,регіони
junior,молодший
toll,плата
les,лес
cape,накидка
ann,рента
rings,кільця
meaning,значення
tip,порада
secondary,вторинний
wonderful,чудовий
mine,Шахта
ladies,дами
henry,генрі
ticket,квиток
announced,оголошений
guess,здогадуватися
agreed,узгоджений
prevention,запобігання
whom,хто
ski,лиж
soccer,футбол
math,математика
import,імпорт
posting,розміщення
presence,наявність
instant,мить
mentioned,згаданий
automatic,автоматичний
healthcare,охорона здоров'я
viewing,перегляд
maintained,підтриманий
increasing,зростання
majority,більшість
connected,з'єднаний
christ,христовий
dan,дан
dogs,собаки
directors,директори
aspects,аспекти
austria,Австрія
ahead,попереду
moon,місяць
participation,участь
scheme,схема
utility,корисність
preview,попередній перегляд
fly,літати
manner,манера
matrix,матриця
containing,що містить
combination,поєднання
devel,розгорнути
amendment,поправка
despite,незважаючи на
strength,міцність
guaranteed,гарантований
turkey,індичка
libraries,бібліотека
proper,належний
distributed,розподілений
degrees,ступінь
singapore,Сінгапур
enterprises,підприємства
delta,дельта
fear,битися
seeking,пошук
inches,дюйм
phoenix,фенікс
convention,конвенція
shares,акції
principal,директор
daughter,дочка
standing,стоячий
voyeur,вуайер
comfort,комфорт
colors,кольори
wars,війна
cisco,Cisco
ordering,замовлення
kept,збережений
alpha,альфа
appeal,звернення
cruise,круїз
bonus,бонус
certification,сертифікація
previously,раніше
hey,привіт
bookmark,закладка
buildings,будівлі
specials,спеціаліст
beat,бити
disney,Дісней
household,домашній
batteries,батареї
adobe,апетит
smoking,куріння
bbc,BBC
becomes,станеться
drives,накопичувач
arms,рука
alabama,Алабама
tea,чай
improved,вдосконалений
trees,дерева
avg,кістка
achieve,досягати
positions,позиції
dress,плаття
subscription,підписка
dealer,дилер
contemporary,сучасний
sky,небо
utah,Юта
nearby,поблизу
rom,ром
carried,перенесений
happen,траплятися
exposure,контакт
panasonic,панасонічний
hide,сховати
permalink,постійне посилання
signature,підпис
gambling,азартні ігри
refer,посилатися
miller,міллер
provision,забезпечення
outdoors,на відкритому повітрі
clothes,одяг
caused,спричинений
luxury,розкіш
babes,немовлята
frames,рамки
viagra,віагра
certainly,безумовно
indeed,дійсно
newspaper,газета
toy,іграшка
circuit,ланцюг
layer,шар
printed,надрукований
slow,повільно
removal,видалення
easier,простіший
src,SRC
liability,відповідальність
trademark,торгова марка
hip,стегно
printers,принтери
faqs,поширені запитання
nine,дев'ять
adding,додавання
kentucky,Кентуккі
mostly,здебільшого
eric,Ерік
spot,місце
taylor,Тейлор
trackback,трек
prints,відбитки
spend,витрачати
factory,фабрика
interior,інтер'єр
revised,переглянутий
grow,рости
americans,американці
optical,оптичний
promotion,просування
relative,відносний
amazing,дивовижний
clock,годинник
dot,крапка
hiv,ВІЛ
identity,особистість
suites,люкс
conversion,перетворення
feeling,почуття
hidden,прихований
reasonable,розумний
victoria,Вікторія
serial,серіал
relief,полегшення
revision,перегляд
broadband,широкосмуговий
influence,вплив
ratio,співвідношення
pda,КПК
importance,важливість
rain,дощ
onto,на
dsl,DSL
planet,планета
webmaster,веб -майстер
copies,копії
recipe,рецепт
zum,шум
permit,дозвіл
seeing,бачення
proof,обстеження
dna,ДНК
diff,різниця
tennis,теніс
bass,баса
prescription,припис
bedroom,спальня
empty,порожній
instance,екземпляр
hole,дірка
pets,домашні тварини
ride,їздити
licensed,ліцензований
orlando,Орландо
specifically,конкретно
tim,Тим
bureau,бюро
maine,Мен
sql,SQL
represent,представляти
conservation,збереження
pair,пара
ideal,ідеал
specs,характеристики
recorded,записаний
don,дратувати
pieces,штук
finished,закінчений
parks,парки
dinner,вечеря
lawyers,адвокати
sydney,Сідней
stress,стрес
cream,вершковий
runs,пробіг
trends,тенденції
yeah,так
discover,виявляти
sexo,сексо
patterns,візерунки
boxes,коробки
louisiana,Луїзіана
hills,пагорби
javascript,javaScript
fourth,четвертий
advisor,радник
marketplace,ринок
evil,зло
aware,усвідомлений
wilson,Вілсон
shape,форма
evolution,еволюція
irish,ірландський
certificates,сертифікати
objectives,цілі
stations,станції
suggested,запропонований
gps,GPS
remains,залишки
acc,АСК
greatest,найбільший
firms,фірми
concerned,стурбований
euro,євро
operator,оператор
structures,структури
generic,загальний
encyclopedia,Енциклопедія
usage,використання
cap,шапка
ink,чорнило
charts,діаграми
continuing,продовження
mixed,змішаний
census,перепис
interracial,міжрасовий
peak,вершина
competitive,змагальний
exist,існувати
wheel,колесо
transit,транзит
dick,хуй
suppliers,постачальники
salt,соляна
compact,компактний
poetry,поезія
lights,вогня
tracking,відстеження
angel,ангел
bell,дзвоник
keeping,утримання
preparation,підготовка
attempt,спроба
receiving,прийом
matches,сірники
accordance,відповідність
width,ширина
noise,шум
engines,двигуни
forget,забути
array,масив
discussed,обговорюваний
accurate,точний
stephen,Стівен
elizabeth,Єлизавета
climate,клімат
reservations,застереження
pin,шпилька
playstation,ігрова приставка
alcohol,алкоголь
greek,грецький
instruction,інструкція
managing,управління
annotation,анотація
sister,сестра
raw,сирий
differences,відмінності
walking,ходьба
explain,пояснювати
smaller,менший
newest,найновіший
establish,встановлювати
gnu,gnu
happened,сталося
expressed,виражений
jeff,Джефф
extent,обсяг
sharp,різкий
lesbians,лесбіянки
ben,Бен
lane,провулок
paragraph,абзац
kill,убити
mathematics,математика
aol,AOL
compensation,компенсація
export,експорт
managers,менеджери
aircraft,літак
modules,модулі
sweden,Швеція
conflict,конфлікт
conducted,проведений
versions,версії
employer,роботодавець
occur,виникати
percentage,відсоток
knows,знає
mississippi,Міссісіпі
describe,описувати
concern,турбота
backup,резервна коп
requested,запитуваний
citizens,громадяни
connecticut,коннектикут
heritage,спадщина
personals,персонал
immediate,негайний
holding,утримуючий
trouble,клопот
spread,поширення
coach,тренер
kevin,Кевін
agricultural,сільськогосподарський
expand,розширити
supporting,підтримка
audience,аудиторія
assigned,призначений
jordan,Йордан
collections,колекції
ages,віки
participate,брати участь
plug,штекер
specialist,фахівець
cook,готувати
affect,впливати
virgin,незайманий
experienced,досвідчений
investigation,розслідування
raised,піднятий
hat,шапка
institution,установа
directed,спрямований
dealers,дилери
searching,пошук
sporting,спортивний
helping,допомога
perl,перл
affected,постраждалий
lib,лій
bike,велосипед
totally,повністю
plate,тарілка
expenses,витрати
indicate,вказувати
blonde,блондинка
proceedings,судочинство
favourite,улюблений
transmission,спосіб передавання
anderson,Андерсон
utc,UTC
characteristics,характеристики
der,дер
lose,втрачати
organic,органічний
seek,шукати
experiences,досвід
albums,альбоми
cheats,чища
extremely,надзвичайно
verzeichnis,Верзіхніс
contracts,договори
guests,гості
hosted,розміщений
diseases,захворювання
concerning,стосовно
developers,розробники
equivalent,еквівалентний
chemistry,хімія
tony,тоні
neighborhood,сусідство
nevada,Невада
kits,набори
thailand,Таїланд
variables,змінні
agenda,порядок денний
anyway,у будь -якому випадку
continues,тривати
tracks,трек
advisory,консультативний
cam,кулачок
curriculum,навчальний план
logic,логіка
template,шаблон
prince,принц
circle,кола
soil,грунт
grants,гранти
anywhere,де завгодно
psychology,психологія
responses,відповіді
atlantic,Атлантичний
wet,мокрий
circumstances,обставини
edward,Едвард
investor,інвестор
identification,ідентифікація
ram,ОЗП
leaving,відхід
wildlife,дика природа
appliances,прилади
matt,матовий
elementary,елементарний
cooking,кулінарія
speaking,розмовляючи
sponsors,спонсори
fox,лисиця
unlimited,необмежений
respond,реагувати
sizes,розміри
plain,простий
exit,вихід
entered,введений
iran,іран
arm,рукоятка
keys,ключі
launch,запуск
wave,махати
checking,перевірка
costa,Коста
belgium,Бельгія
printable,друк
holy,святий
acts,дія
guidance,керівництво
mesh,сітка
trail,стежка
enforcement,виконання
symbol,символ
crafts,ремесла
highway,шосе
buddy,приятель
hardcover,тверда обкладинка
observed,спостережуваний
dean,декан
setup,налаштування
poll,опитування
booking,бронювання
glossary,глосарій
fiscal,фіскальний
celebrity,знаменитість
styles,стилі
denver,Денвер
unix,UNIX
filled,наповнений
bond,зв'язок
channels,канали
ericsson,Ерікссон
appendix,додаток
notify,повідомляти
blues,блюз
chocolate,шоколад
pub,паб
portion,порція
scope,обсяг
hampshire,Гемпшир
supplier,постачальник
cables,кабелі
cotton,бавовняний
bluetooth,Bluetooth
controlled,керований
requirement,вимога
authorities,влада
biology,біологія
dental,стоматологічний
killed,убито
border,кордон
ancient,древній
debate,дискусія
representatives,представники
starts,старти
pregnancy,вагітність
causes,причини
arkansas,Арканзас
biography,біографія
leisure,дозвілля
attractions,атракціони
learned,навчений
transactions,транзакції
notebook,зошит
explorer,дослідник
historic,історичний
attached,прикріплений
opened,відкритий
husband,чоловік
disabled,інвалід
authorized,уповноважений
crazy,божевільний
upcoming,майбутній
britain,Британія
concert,концерт
retirement,відставка
scores,бал
financing,фінансування
efficiency,ефективність
comedy,комедія
adopted,прийнятий
efficient,ефективний
weblog,веб -журнал
linear,лінійний
commitment,зобов'язання
specialty,спеціальність
bears,ведмедя
jean,джин
hop,скакати
carrier,перевізник
edited,редагований
constant,постійний
visa,віза
mouth,рота
jewish,єврейський
meter,метр
linked,пов'язаний
portland,Портленд
interviews,інтерв'ю
concepts,концепції
gun,рушниця
reflect,роздумати
pure,чистий
deliver,доставляти
wonder,диво
hell,пекло
lessons,уроки
fruit,фрукти
begins,починається
qualified,кваліфікований
reform,реформування
lens,об'єктив
alerts,попередження
treated,оброблений
discovery,відкриття
draw,витягувати
mysql,mysql
classified,класифікований
relating,відношення
assume,припускати
confidence,впевненість
alliance,альянс
confirm,підтверджувати
warm,зігрівати
neither,ні
lewis,Льюїс
howard,Говард
offline,офлайн
leaves,листя
engineer,інженер
lifestyle,спосіб життя
consistent,послідовний
replace,замінити
clearance,зазор
connections,з'єднання
inventory,інвентаризація
converter,перетворювач
suck,смоктати
organisation,організація
babe,немовля
checks,перевіряти
reached,дістаний
becoming,набуття
blowjob,мінет
safari,сафарі
objective,об'єктивний
indicated,вказаний
sugar,цукор
crew,екіпаж
legs,ноги
sam,Сем
stick,палиця
securities,цінні папери
allen,Аллен
pdt,PDT
relation,відношення
enabled,увімкнено
genre,жанр
slide,ковзати
montana,Монтана
volunteer,волонтер
tested,випробуваний
rear,задній
democratic,демократичний
enhance,посилювати
switzerland,Швейцарія
exact,точний
bound,обмежений
parameter,параметр
adapter,адаптер
processor,процесор
node,вузол
formal,формальний
dimensions,розміри
contribute,сприяти
lock,замок
hockey,хокей
storm,штурм
micro,мікрофон
colleges,коледжі
laptops,ноутбуки
mile,миля
showed,показаний
challenges,виклики
editors,редактор
mens,чоловічий
threads,нитки
bowl,чаша
supreme,вищий
brothers,брати
recognition,визнання
presents,подарунки
ref,реф
tank,танк
submission,підпорядкування
dolls,ляльки
estimate,оцінювати
encourage,заохочувати
navy,військово -морський флот
kid,дитячий
regulatory,регуляторний
inspection,огляд
consumers,споживачі
cancel,скасувати
limits,обмеження
territory,територія
transaction,транзакція
manchester,Манчестер
weapons,зброя
paint,малювати
delay,затримка
pilot,пілот
outlet,розетка
contributions,Внески
continuous,безперервний
czech,чеський
resulting,в результаті
cambridge,Кембридж
initiative,ініціатива
novel,Роман
pan,каструль
execution,виконання
disability,інвалідність
increases,збільшується
ultra,ультра
winner,переможець
idaho,Айдахо
contractor,підрядник
episode,епізод
examination,обстеження
potter,гончар
dish,блюдо
plays,грає
bulletin,бюлетень
indicates,вказує
modify,змінювати
oxford,оксфорд
adam,Адам
truly,справді
epinions,епінони
painting,малювання
committed,відданий
extensive,обширний
affordable,доступний
universe,всесвіт
candidate,кандидат
databases,бази даних
patent,патентний
slot,гніздо
psp,PSP
outstanding,видатний
eating,їжа
perspective,перспектива
planned,запланований
watching,спостереження
lodge,ложа
messenger,месенджер
mirror,дзеркало
tournament,турнір
consideration,розгляд
discounts,знижки
sterling,стерлінг
sessions,сеанси
kernel,ядро
boobs,сиськи
stocks,запаси
buyers,покупці
journals,журнали
gray,сірий
catalogue,каталог
jennifer,Дженніфер
antonio,Антоніо
charged,заряджений
broad,широкий
taiwan,тайвань
und,не
chosen,обраний
demo,демо
greece,Греція
swiss,швейцарський
sarah,Сара
clark,кларк
labour,праця
hate,ненавидіти
terminal,термінал
publishers,видавці
nights,ночі
behalf,від імені
caribbean,карибський
liquid,рідкий
rice,рис
nebraska,Небраска
loop,петля
salary,зарплата
reservation,застереження
foods,їжа
gourmet,гурман
guard,охороняти
properly,належним чином
orleans,Орлеан
saving,заощадження
nfl,НФЛ
remaining,що залишився
empire,імперія
resume,резюме
twenty,двадцять
newly,нещодавно
raise,підняти
prepare,готувати
avatar,аватар
gary,геранг
depending,залежно
illegal,незаконний
expansion,розширення
vary,змінювати
hundreds,сотні
rome,Рим
arab,арабський
lincoln,Лінкольн
helped,допоміг
premier,прем'єр -міністр
tomorrow,завтра
purchased,закуплений
milk,молоко
decide,вирішити
consent,згода
drama,драма
visiting,відвідування
performing,виконання
downtown,центр міста
keyboard,клавіатура
contest,змагання
collected,зібраний
bands,смуги
boot,черевик
suitable,відповідний
absolutely,абсолютно
millions,мільйони
lunch,обід
dildo,фалоімітатор
audit,аудит
push,штовхнути
chamber,камера
guinea,гвінея
findings,висновки
muscle,м'яз
featuring,що містить
iso,ISO
implement,реалізація
clicking,клацання
scheduled,запланований
polls,опитування
typical,типовий
tower,башта
yours,ваш
sum,сума
misc,різний
calculator,калькулятор
significantly,значно
chicken,курка
temporary,тимчасовий
attend,відвідувати
shower,душ
alan,Алан
sending,надсилання
jason,Джейсон
tonight,сьогодні
dear,дорогий
sufficient,достатній
holdem,холдинг
shell,штурм
province,провінція
catholic,католицький
oak,дуб
vat,чан
awareness,обізнаність
vancouver,Ванкувер
governor,губернатор
beer,пиво
seemed,здавалося
contribution,внесок
measurement,вимірювання
swimming,плавання
spyware,шпигун
formula,формула
constitution,конституція
packaging,упаковка
solar,сонячний
jose,хосе
catch,виловити
jane,Джейн
pakistan,Пакистан
reliable,надійний
consultation,консультація
northwest,північний захід
sir,сер
doubt,сумнів
earn,заробляти
finder,пошук
unable,нездатний
periods,періоди
classroom,аудиторія
tasks,завдання
democracy,демократія
attacks,напади
kim,Кім
wallpaper,шпалери
merchandise,товари
const,констант
resistance,опір
doors,двері
symptoms,симптоми
resorts,курорти
biggest,найбільший
memorial,меморіальний
visitor,відвідувач
twin,близнюк
forth,вперед
insert,вставляти
baltimore,Балтімор
gateway,ворота
dont,не
alumni,випускники
drawing,малювання
candidates,кандидати
charlotte,шарлотта
ordered,упорядкований
biological,біологічний
fighting,бійка
transition,перехід
happens,трапляється
preferences,уподобання
spy,шпигун
romance,роман
instrument,інструмент
bruce,брюс
split,розкол
themes,теми
powers,сили
heaven,небо
bits,шматочки
pregnant,вагітна
twice,двічі
classification,класифікація
focused,цілеспрямований
egypt,Єгипет
physician,лікар
hollywood,голлівуд
bargain,торгуватися
wikipedia,Вікіпедія
cellular,клітинний
norway,Норвегія
vermont,Вермонт
asking,прохання
blocks,блоки
normally,нормально
spiritual,духовний
hunting,полювання
diabetes,діабет
suit,костюм
shift,зміна
chip,відколювати
res,резюме
sit,сидіти
bodies,тіла
photographs,фотографії
cutting,різання
wow,Ого
simon,Саймон
writers,письменники
marks,позначення
flexible,гнучкий
loved,любити
favourites,фаворити
mapping,картографування
numerous,численний
relatively,відносно
birds,птахи
satisfaction,задоволення
represents,представляє
char,чар
indexed,індексований
pittsburgh,Пітсбург
superior,вищий
preferred,переважний
saved,врятований
paying,оплачуваний
cartoon,мультфільм
shots,постріл
intellectual,інтелектуальний
moore,матовий
granted,наданий
choices,вибір
carbon,вуглець
spending,витрати
comfortable,зручний
magnetic,магнітний
interaction,взаємодія
listening,слухання
effectively,ефективно
registry,реєстр
crisis,криза
outlook,перспектива
massive,масивний
denmark,Данія
employed,працьовитий
bright,яскравий
treat,лікувати
header,заголовок
poverty,бідність
formed,сформований
piano,фортепіано
echo,відлуння
que,QUE
grid,сітка
sheets,простирадла
patrick,Патрік
experimental,експериментальний
puerto,пуерто
revolution,революція
consolidation,консолідація
displays,дисплеї
plasma,плазма
allowing,що дозволяє
earnings,заробіток
voip,лопатка
mystery,таємниця
landscape,пейзаж
dependent,залежний
mechanical,механічний
journey,мандрівка
delaware,делавер
bidding,торги
consultants,консультанти
risks,ризики
banner,банер
applicant,заявник
charter,статут
fig,рис
barbara,Барбара
cooperation,співпраця
counties,графство
acquisition,придбання
ports,порти
implemented,реалізований
directories,каталоги
recognized,визнаний
dreams,мрії
blogger,блогер
notification,сповіщення
licensing,ліцензування
stands,стенда
teach,навчати
occurred,сталося
textbooks,підручники
rapid,швидкий
pull,тягнути
hairy,волосяний
diversity,різноманітність
cleveland,Клівленд
reverse,зворотний
deposit,депозит
seminar,семінар
investments,інвестиції
latina,латина
nasa,НАСА
wheels,колеса
sexcam,секскам
specify,вказувати
accessibility,доступність
dutch,голландський
sensitive,чутливий
templates,шаблони
formats,формати
tab,вкладка
depends,залежить
boots,чоботи
holds,тримати
router,маршрутизатор
concrete,бетон
editing,редагування
poland,Польща
folder,папка
womens,жіночий
css,CSS
completion,завершення
upload,завантажувати
pulse,пульс
universities,університети
technique,техніка
contractors,підрядники
milfhunter,мілфхунтер
voting,голосування
courts,суди
notices,повідомлення
subscriptions,підписки
calculate,обчислювати
detroit,Детройт
alexander,Олександр
broadcast,трансляція
converted,перетворений
metro,метро
toshiba,Тошіба
anniversary,ювілей
improvements,вдосконалення
strip,роздягатися
specification,специфікація
pearl,перлина
accident,нещасний випадок
nick,розрізати
accessible,доступний
accessory,аксесуар
resident,мешканець
plot,сюжет
qty,QTY
possibly,можливо
airline,авіакомпанія
typically,типово
representation,представлення
regard,поважати
pump,накачувати
exists,існує
arrangements,домовленість
smooth,гладкий
conferences,конференції
uniprotkb,uniprotkb
beastiality,зловмисність
strike,вдарити
consumption,споживання
birmingham,Бірмінгем
flashing,миготливий
narrow,вузький
afternoon,післяобідній
threat,загроза
surveys,опитування
sitting,сидячий
putting,ставити
consultant,консультант
controller,контролер
ownership,власність
committees,комітети
penis,пеніс
legislative,законодавчий
researchers,дослідники
vietnam,В'єтнам
trailer,причіп
anne,Енн
castle,замок
gardens,сади
missed,пропущений
malaysia,Малайзія
unsubscribe,скасувати підписку
antique,антикварний
labels,етикетки
willing,готовий
bio,біографічний
molecular,молекулярний
upskirt,спідниця
acting,діючий
heads,голова
stored,зберігається
exam,іспит
logos,логотипи
residence,проживання
attorneys,адвокати
milfs,матуся
antiques,антикваріат
density,щільність
hundred,сотня
ryan,Райан
operators,оператори
strange,дивний
sustainable,стійкий
philippines,Філіппіни
statistical,статистичний
beds,ліжка
breasts,груди
mention,згадувати
innovation,інновація
pcs,ПК
employers,роботодавці
grey,сірий
parallel,паралельний
honda,гонда
amended,змінений
operate,діяти
bills,законопроекти
bold,сміливий
bathroom,ванна кімната
stable,конюшня
opera,опера
definitions,визначення
von,фон
doctors,лікарі
lesson,урок
cinema,кіно
asset,активатор
scan,сканувати
elections,вибори
drinking,пити
blowjobs,мінет
reaction,реакція
blank,порожній
enhanced,посилений
entitled,під назвою
severe,сильний
generate,генерувати
stainless,нержавіючий
newspapers,газети
hospitals,Лікарні
deluxe,розкішний
humor,гумор
aged,у віці
monitors,монітори
exception,виняток
lived,що жив
duration,тривалість
bulk,маса
successfully,успішно
indonesia,Індонезія
pursuant,відповідно
sci,наук
fabric,тканина
edt,Едт
visits,відвідування
primarily,насамперед
tight,щільний
domains,домени
capabilities,можливості
pmid,PMID
contrast,контраст
recommendation,рекомендація
flying,летячий
recruitment,набір
sin,гріх
berlin,Берлін
cute,милий
organized,організований
para,пара
siemens,Сіменс
adoption,усиновлення
improving,вдосконалення
expensive,дорогий
meant,орієнтований
capture,захоплення
pounds,кілограми
buffalo,буйвол
organisations,організації
plane,площина
explained,пояснений
seed,насіння
programmes,програми
desire,бажання
expertise,досвід
mechanism,механізм
camping,кемпінг
jewellery,ювелірні вироби
meets,зустрічатися
welfare,добробут
peer,однолітковий
caught,спійманий
eventually,зрештою
marked,позначений
driven,керований
measured,вимірюваний
medline,Medline
bottle,пляшка
agreements,угоди
considering,враховуючи
innovative,інноваційний
marshall,Маршалл
massage,масаж
rubber,гума
conclusion,висновок
closing,закриття
tampa,Тампа
thousand,тисяча
meat,м'ясо
legend,легенда
grace,благодать
susan,Сьюзен
ing,ґрунт
adams,Адамс
python,пітон
monster,монстр
alex,алекс
bang,удар
villa,вілла
bone,кістка
columns,стовпчики
disorders,розлад
bugs,клопи
collaboration,співпраця
hamilton,гамільтон
detection,виявлення
ftp,FTP
cookies,печиво
inner,внутрішній
formation,утворення
tutorial,підручник
med,медик
engineers,інженери
entity,об'єкт
cruises,круїз
gate,ворота
holder,власник
proposals,пропозиції
moderator,модератор
tutorials,навчальні посібники
settlement,врегулювання
portugal,португалія
lawrence,Лоуренс
roman,римський
duties,обов'язки
valuable,цінний
erotic,еротичний
tone,тон
collectables,колекція
ethics,етика
forever,назавжди
dragon,дракон
busy,зайняте
captain,капітан
fantastic,фантастичний
imagine,уявляти собі
brings,принести
heating,нагрівання
leg,нога
neck,шия
wing,крила
governments,уряди
purchasing,закупівля
scripts,сценарії
abc,ABC
stereo,стерео
appointed,призначений
taste,смак
dealing,торгівля
commit,вчинити
tiny,крихітний
operational,експлуатаційний
rail,залізничний
airlines,авіакомпанії
liberal,ліберальний
livecam,Livecam
jay,джей
trips,поїздок
gap,розрив
sides,сторона
tube,трубка
turns,повороти
corresponding,відповідний
descriptions,описи
cache,кеш
belt,пояса
jacket,куртка
determination,визначення
animation,анімація
oracle,оракул
matthew,матовий
lease,оренда
productions,виробництво
aviation,авіація
hobbies,хобі
proud,гордий
excess,надмірний
disaster,катастрофа
console,консоль
commands,командування
telecommunications,Телекомунікації
instructor,інструктор
giant,гігант
achieved,досягнутий
injuries,травми
shipped,відвантажений
bestiality,скотості
seats,сидіння
approaches,підходи
biz,шовкас
alarm,тривога
voltage,Напруга
anthony,Ентоні
nintendo,nintendo
usual,звичайний
loading,навантаження
stamps,штамп
appeared,з'явився
franklin,Франклін
angle,кут
rob,пограбувати
vinyl,вініл
highlights,моменти
mining,видобуток
designers,дизайнери
melbourne,Мельбурн
ongoing,що триває
worst,найгірший
imaging,зображення
betting,ставка
scientists,вчені
liberty,свобода
wyoming,вайомінг
blackjack,блекджек
argentina,аргентина
era,епоха
convert,конвертувати
possibility,можливість
analyst,аналітик
commissioner,комісар
dangerous,небезпечний
garage,гараж
exciting,захоплюючий
reliability,надійність
thongs,ремінці
gcc,GCC
unfortunately,на жаль
respectively,відповідно
volunteers,добровольці
attachment,вкладення
ringtone,дзвінок
finland,Фінляндія
morgan,морган
derived,похідний
pleasure,задоволення
honor,честь
asp,аспірант
oriented,орієнтований
eagle,орел
desktops,настільні ПК
pants,штани
columbus,Колумб
nurse,годувати
prayer,молитва
appointment,призначення
workshops,семінари
hurricane,ураган
quiet,спокійно
luck,удача
postage,поштова оплата
producer,виробник
represented,представлений
mortgages,іпотечні кредити
dial,набір
responsibilities,обов'язки
cheese,сир
comic,комікс
carefully,обережно
jet,струмінь
productivity,продуктивність
investors,інвестори
crown,коронка
par,на рівні
underground,підпілля
diagnosis,діагноз
maker,виробник
crack,тріщина
principle,принцип
picks,вибори
vacations,відпустка
gang,банда
semester,семестр
calculated,обчислений
cumshot,сперма
fetish,фетиш
applies,застосовувати
casinos,казино
appearance,зовнішність
smoke,палити
apache,апаче
filters,фільтри
incorporated,включений
craft,ремесло
cake,торт
notebooks,зошити
apart,окремо
fellow,колега
blind,сліпий
lounge,зал
mad,шалений
algorithm,алгоритм
semi,напів
coins,монети
andy,Енді
gross,грубий
strongly,сильно
cafe,кафе
valentine,валентин
hilton,хілтон
ken,кен
proteins,білки
horror,жах
exp,довідка
familiar,знайомий
capable,здатний
douglas,дуглас
debian,дебіан
till,до
involving,залучення
pen,ручка
investing,інвестування
christopher,Крістофер
admission,вступ
epson,Епсон
shoe,взуття
elected,обраний
carrying,перенесення
victory,перемога
sand,пісок
madison,мадісон
terrorism,тероризм
joy,радість
editions,видання
cpu,ЦП
mainly,переважно
ethnic,етнічний
ran,побігати
parliament,парламент
actor,актор
finds,знаходити
seal,запечатувати
situations,ситуації
fifth,п'ятий
allocated,розподілений
citizen,громадянин
vertical,вертикальний
corrections,виправлення
structural,структурний
municipal,муніципальний
describes,описує
prize,приз
occurs,виникає
jon,Джон
absolute,абсолютний
disabilities,інвалідність
consists,складається
anytime,у будь -який час
substance,речовина
prohibited,заборонений
addressed,адресований
lies,брехня
pipe,труба
soldiers,солдати
guardian,опікун
lecture,лекція
simulation,моделювання
layout,макет
initiatives,ініціативи
ill,хворий
concentration,концентрація
classics,класика
lbs,фунт
lay,покривати
interpretation,інтерпретація
horses,коні
lol,Лол
dirty,брудний
deck,палуба
wayne,Уейн
donate,пожертвувати
taught,навчили
bankruptcy,банкрутство
worker,працівник
optimization,оптимізація
alive,живий
temple,храм
substances,речовини
prove,доводити
discovered,виявлений
wings,крила
breaks,розрив
genetic,генетичний
restrictions,обмеження
participating,участь
waters,вода
promise,обіцянка
thin,тонкий
exhibition,виставка
prefer,віддавати перевагу
ridge,хребет
cabinet,шафа
modem,модем
harris,Гарріс
mph,МПГ
bringing,приношення
sick,хворий
dose,доза
evaluate,оцінювати
tiffany,Тіффані
tropical,тропічний
collect,збирати
bet,ставити
composition,склад
toyota,Toyota
streets,вулиці
nationwide,загальнонаціональний
vector,вектор
definitely,безумовно
shaved,поголений
turning,обертання
buffer,буфер
purple,фіолетовий
existence,існування
commentary,коментар
larry,Ларрі
limousines,лімузини
developments,розробки
def,деф
immigration,імміграція
destinations,напрямки
lets,давайте
mutual,взаємний
pipeline,трубопровід
necessarily,обов'язково
syntax,синтаксис
attribute,атрибут
prison,в'язниця
skill,навичка
chairs,стільці
everyday,повсякденний
apparently,мабуть
surrounding,навколишній
mountains,гори
moves,рухатися
popularity,популярність
inquiry,розслідування
ethernet,Ethernet
checked,перевірений
exhibit,експонат
throw,кидати
trend,тенденція
sierra,Сьєрра
visible,видимий
cats,коти
desert,пустеля
postposted,відкладений
oldest,найстаріший
rhode,род
nba,НБА
busty,грудаста
coordinator,координатор
obviously,очевидно
mercury,ртуть
steven,Стівен
handbook,довідник
greg,грег
navigate,навігація
worse,гірше
summit,саміт
victims,жертви
epa,EPA
spaces,пробіл
fundamental,фундаментальний
burning,спалювання
escape,Втеча
coupons,купони
somewhat,дещо
receiver,приймач
substantial,суттєвий
progressive,прогресивний
cialis,сиаліс
boats,човни
glance,погляд
scottish,шотландський
championship,чемпіонат
arcade,аркада
richmond,Річмонд
sacramento,Сакраменто
impossible,неможливий
ron,рон
russell,Рассел
tells,розповідає
obvious,очевидний
fiber,волокно
depression,депресія
graph,графік
covering,покриття
platinum,платина
judgment,судження
bedrooms,спальні
talks,переговори
filing,подання
foster,виховувати
modeling,моделювання
passing,проходження
awarded,нагороджений
testimonials,відгуки
trials,випробування
tissue,тканина
memorabilia,пам’ятки
clinton,Клінтон
masters,господарі
bonds,облігація
cartridge,картридж
alberta,Альберта
explanation,пояснення
folk,народ
org,org
commons,громади
cincinnati,Цинциннаті
subsection,підрозділ
fraud,шахрайство
electricity,електрика
permitted,дозволений
spectrum,спектр
arrival,прибуття
okay,Гаразд
pottery,гончарний посуд
emphasis,наголос
roger,Роджер
aspect,аспект
workplace,робоче місце
awesome,дивовижний
mexican,мексиканський
confirmed,підтверджений
counts,підрахунок
priced,ціна
wallpapers,шпалери
hist,іскритися
crash,розбити
lift,підйом
desired,бажаний
inter,між собою
closer,ближче
assumes,припускає
heights,висота
shadow,тінь
riding,їзда
infection,інфекція
firefox,фефокс
lisa,Ліза
expense,витрата
grove,гай
eligibility,придатність
venture,навчатись
clinic,клініка
korean,корейський
healing,загоєння
princess,принцеса
mall,торговий центр
entering,вхід
packet,пакет
spray,розпилення
studios,студії
involvement,залучення
dad,тато
buttons,кнопки
placement,розміщення
observations,спостереження
vbulletin,vbulletin
funded,фінансується
thompson,Томпсон
winners,переможці
extend,розширити
roads,дороги
subsequent,наступний
pat,погладжувати
dublin,дублін
rolling,прокатка
fell,впадати
motorcycle,мотоцикл
yard,ярд
disclosure,розголошення
establishment,створення
memories,спогади
nelson,нельсон
arrived,приїхав
creates,створює
faces,обличчя
tourist,турист
cocks,півень
mayor,міський голова
murder,вбивство
sean,Шон
adequate,адекватний
senator,сенатор
yield,похід
presentations,презентації
grades,сорт
cartoons,мультфільми
pour,розливати
digest,датчик
reg,рег
lodging,житло
tion,ції
dust,пил
hence,отже
wiki,Вікі
entirely,повністю
replaced,замінений
radar,радар
rescue,порятунок
undergraduate,студент
losses,втрата
combat,бій
reducing,зменшення
stopped,зупинений
occupation,заняття
lakes,озера
butt,задня
donations,пожертви
associations,асоціації
citysearch,CitySearch
closely,уважно
radiation,випромінювання
diary,щоденник
seriously,серйозно
kings,королі
shooting,стрілянина
kent,Кент
adds,додавання
nsw,NSW
ear,вуха
flags,прапори
pci,PCI
baker,пекар
launched,запущений
elsewhere,в іншому місці
pollution,забруднення
conservative,консерватор
guestbook,гостьова книга
shock,шокувати
effectiveness,ефективність
walls,стіни
abroad,за кордоном
ebony,чорне дерево
tie,зав'язувати
ward,підопічний
drawn,намальований
arthur,артур
ian,ян
visited,відвідав
roof,дах
walker,ходук
demonstrate,продемонструвати
atmosphere,атмосфера
suggests,пропонує
kiss,поцілувати
beast,звір
operated,експлуатрований
experiment,експеримент
targets,цілі
overseas,за кордон
purchases,покупки
dodge,ухилятися
counsel,консультація
federation,федерація
pizza,піца
invited,запрошений
yards,ярди
assignment,призначення
chemicals,хімікалії
gordon,Гордон
mod,мод
farmers,фермери
queries,запити
bmw,БМВ
rush,махати
ukraine,Україна
absence,відсутність
nearest,найближчий
cluster,кластер
vendors,продавці
mpeg,MPEG
whereas,де
yoga,йога
serves,служити
woods,ліси
surprise,здивувати
lamp,лампа
rico,рико
partial,частковий
shoppers,покупці
phil,Філ
everybody,всі
couples,пари
nashville,Нешвілл
ranking,рейтинг
jokes,жарти
cst,CST
http,HTTP
ceo,генеральний директор
simpson,Сімпсон
twiki,твіки
sublime,піднесений
counseling,консультування
palace,палац
acceptable,прийнятний
satisfied,задоволений
glad,радісно
wins,виграш
measurements,вимірювання
verify,перевірити
globe,глобус
trusted,довірений
copper,мідь
milwaukee,Мілуокі
rack,стовп
medication,ліки
warehouse,склад
shareware,діапазон
rep,реп
dicke,дике
kerry,керрі
receipt,квитанція
supposed,передбачуваний
ordinary,звичайний
nobody,ніхто
ghost,привид
violation,порушення
configure,налаштувати
stability,стабільність
mit,міт
applying,застосування
southwest,на південний захід
boss,бос
pride,гордість
institutional,інституційний
expectations,очікування
independence,незалежність
knowing,знання
reporter,репортер
metabolism,метаболізм
keith,кіт
champion,чемпіон
cloudy,хмарний
linda,Лінда
ross,Росс
personally,особисто
chile,чилі
anna,Анна
plenty,багато
solo,сольний
sentence,речення
throat,горло
ignore,ігнорувати
maria,Марія
uniform,уніформа
excellence,досконалість
wealth,багатство
tall,високий
somewhere,десь
vacuum,вакуум
dancing,танці
attributes,атрибути
recognize,визнати
brass,латунь
writes,писати
plaza,площа
pdas,КРЕС
outcomes,результати
survival,виживання
quest,пошук
publish,опублікувати
sri,шрі
screening,екранізація
toe,ніг
thumbnail,мініатюр
trans,транс
jonathan,Джонатан
whenever,щоразу
nova,нова
lifetime,час життя
api,API
pioneer,піонер
booty,здобич
forgotten,забутий
acrobat,акробат
plates,тарілки
acres,десятки
venue,місце
athletic,атлетичний
thermal,термічний
essays,нариси
behaviour,поведінка
vital,життєво важливий
telling,розповідний
fairly,досить
coastal,прибережний
config,конфігурація
charity,благодійність
intelligent,розумний
edinburgh,Едінбург
excel,вишукуватися
modes,режими
obligation,зобов'язання
campbell,Кемпбелл
wake,прокидатися
stupid,дурний
harbor,гавань
hungary,Угорщина
traveler,мандрівник
urw,урв
segment,сегмент
realize,усвідомлювати
regardless,незалежно
lan,локальна мережа
enemy,ворог
puzzle,загадка
rising,підйом
aluminum,алюміній
wells,свердловина
wishlist,список бажань
opens,відкривати
insight,в поле зору
sms,СМС
shit,лайно
restricted,обмежений
republican,республіканець
secrets,секрети
lucky,щасливий
latter,останній
merchants,купці
thick,товстий
trailers,причепи
repeat,повторити
syndrome,синдром
philips,Філіпс
attendance,відвідування
penalty,штраф
drum,барабан
glasses,окуляри
enables,дозволяє
nec,нью
iraqi,іракський
builder,будівельник
vista,випуск
jessica,Джессіка
chips,чіпси
terry,террі
flood,затоплення
foto,фото
ease,полегшити
arguments,аргументи
amsterdam,Амстердам
orgy,оргія
arena,арена
adventures,пригоди
pupils,учні
stewart,Стюарт
announcement,оголошення
tabs,вкладки
outcome,результат
appreciate,оцінювати
expanded,розширений
casual,випадковий
grown,вирощений
polish,польський
lovely,милий
extras,екстри
centres,центри
jerry,Джеррі
clause,застереження
smile,посміхатися
lands,земля
troops,війська
indoor,в приміщенні
bulgaria,Болгарія
armed,озброєний
broker,брокер
charger,зарядка
regularly,регулярно
believed,віруючий
pine,сосна
cooling,охолодження
tend,схиляти
gulf,затока
rick,рик
trucks,вантажівки
mechanisms,механізми
divorce,розлучення
laura,Лора
shopper,покупець
tokyo,Токіо
partly,частково
nikon,нікокон
customize,налаштувати
tradition,традиція
candy,цукерка
pills,таблетки
tiger,тигр
donald,Дональд
folks,люди
sensor,датчик
exposed,підданий
telecom,телекомунікація
hunt,полювання
angels,ангели
deputy,заступник
indicators,показники
sealed,запечатаний
thai,тайський
emissions,викиди
physicians,лікарі
loaded,навантажений
fred,фред
complaint,скарга
scenes,сцени
experiments,експерименти
balls,кулі
afghanistan,Афганістан
boost,підсилювати
spanking,шпигунський
scholarship,стипендія
governance,управління
mill,млин
founded,заснований
supplements,добавки
chronic,хронічний
icons,ікони
tranny,транзист
moral,моральний
den,вертеп
catering,харчування
aud,ауд
finger,палець
keeps,зберігається
pound,клопоти
locate,знаходити
camcorder,відеокамера
trained,навчений
burn,спалювати
implementing,реалізація
roses,троянди
labs,лабораторія
ourselves,ми самі
bread,хліб
tobacco,тютюн
wooden,дерев'яний
motors,двигуни
tough,жорсткий
roberts,Робертс
incident,інцидент
gonna,збої
dynamics,динаміка
lie,лежати
crm,CRM
conversation,розмова
decrease,зменшувати
cumshots,кумшоти
chest,груди
pension,пенсія
billy,Біллі
revenues,доходи
emerging,що виникає
worship,поклоніння
bukkake,буккейк
capability,здатність
craig,крейг
herself,сама
producing,виробництво
churches,церков
precision,точність
damages,збитки
reserves,резерви
contributed,внесений
solve,вирішити
shorts,шорти
reproduction,репродукція
minority,меншина
diverse,різноманітний
amp,підсилювач
ingredients,інгредієнти
johnny,Джонні
sole,єдиний
franchise,франшиза
recorder,рекордер
complaints,скарги
facing,зіткнення
nancy,нанівець
promotions,акції
tones,тони
passion,пристрасть
rehabilitation,реабілітація
maintaining,підтримка
sight,видовище
laid,закладений
clay,глина
defence,захист
patches,клаптики
weak,слабкий
refund,повернути
usc,USC
towns,містечки
environments,середовище
trembl,тремтіння
divided,розділений
blvd,бульвар
reception,прийом
amd,AMD
wise,мудрий
emails,електронні листи
cyprus,кіпр
odds,шанс
correctly,правильно
insider,інсайдер
seminars,семінари
consequences,наслідки
makers,виробники